log_id,timestamp,session_id,question,answer,sources,latency_ms
f9fe284c-e68c-491c-ac00-f00332b889f0,"2025-07-26 16:27:47,590",a29429b7-bb77-4e2c-b269-401f43115086,پنج عامل اصلی آمادگی سازمانی برای خلق ارزش از هوش مصنوعی که مایکروسافت معرفی کرده چیست؟,"پنج عامل اصلی آمادگی سازمانی برای خلق ارزش از هوش مصنوعی که مایکروسافت معرفی کرده عبارتند از:

1.  فرهنگی پذیرا
2.  استراتژی کلان سازمانی
3.  برنامه ریزی هدفمند
4.  سرمایه گذاری هدفمند
5.  پیاده سازی دقیق

(اطلاعاتی در متن ارائه نشده است.)","[""2"", ""6""]",27630.0
1a94c67f-254f-473a-90df-266ca1922947,"2025-07-26 16:31:41,375",a29429b7-bb77-4e2c-b269-401f43115086,بر اساس پژوهش، چند درصد از سازمان‌ها در مرحله «ادراک کامل» از هوش مصنوعی موفق به خلق ارزش شده‌اند؟,بر اساس متن، 96 درصد از سازمان‌ها در مرحله «ادراک کامل» از هوش مصنوعی موفق به خلق ارزش شده‌اند.,"[""7"", ""9"", ""15""]",26670.0
